{"cameraMode":{"drawMode":0,"name":"Shaded","section":"Shading Mode"},"sceneLighting":false,"audioPlay":false,"sceneViewState":{"m_AlwaysRefresh":false,"showFog":true,"showSkybox":false,"showFlares":true,"showImageEffects":true,"showParticleSystems":true,"showVisualEffectGraphs":true,"m_FxEnabled":true},"in2DMode":false,"pivot":{"x":-5.249868392944336,"y":-1.374036431312561,"z":1.4414799213409424},"rotation":{"x":0.009618427604436875,"y":0.9908274412155151,"z":-0.10443446785211563,"w":0.09281416982412338},"size":0.9169558882713318,"orthographic":false}