{"cameraMode":{"drawMode":0,"name":"Shaded","section":"Shading Mode"},"sceneLighting":false,"audioPlay":false,"sceneViewState":{"m_AlwaysRefresh":false,"showFog":true,"showSkybox":false,"showFlares":true,"showImageEffects":true,"showParticleSystems":true,"showVisualEffectGraphs":true,"m_FxEnabled":true},"in2DMode":false,"pivot":{"x":0.9016567468643189,"y":0.8657146096229553,"z":5.447353363037109},"rotation":{"x":-0.10219205170869827,"y":-0.8690208792686462,"z":0.20162193477153779,"w":-0.44023680686950686},"size":2.0902366638183595,"orthographic":false}