{"cameraMode":{"drawMode":0,"name":"Shaded","section":"Shading Mode"},"sceneLighting":false,"audioPlay":false,"sceneViewState":{"m_AlwaysRefresh":false,"showFog":true,"showSkybox":false,"showFlares":true,"showImageEffects":true,"showParticleSystems":true,"showVisualEffectGraphs":true,"m_FxEnabled":true},"in2DMode":false,"pivot":{"x":98.87773895263672,"y":7.9721574783325199,"z":55.31303787231445},"rotation":{"x":0.18331269919872285,"y":-0.2872272729873657,"z":0.056102097034454349,"w":0.9384925365447998},"size":31.681678771972658,"orthographic":true}