{"cameraMode":{"drawMode":0,"name":"Shaded","section":"Shading Mode"},"sceneLighting":true,"audioPlay":false,"sceneViewState":{"m_AlwaysRefresh":false,"showFog":true,"showSkybox":true,"showFlares":true,"showImageEffects":true,"showParticleSystems":true,"showVisualEffectGraphs":true,"m_FxEnabled":true},"in2DMode":false,"pivot":{"x":21.792003631591798,"y":7.29702091217041,"z":21.696922302246095},"rotation":{"x":-0.18519648909568788,"y":-0.42672020196914675,"z":0.08983652293682099,"w":-0.8806909322738648},"size":13.791543006896973,"orthographic":false}