{"cameraMode":{"drawMode":0,"name":"Shaded","section":"Shading Mode"},"sceneLighting":true,"audioPlay":false,"sceneViewState":{"m_AlwaysRefresh":false,"showFog":true,"showSkybox":true,"showFlares":true,"showImageEffects":true,"showParticleSystems":true,"showVisualEffectGraphs":true,"m_FxEnabled":true},"in2DMode":false,"pivot":{"x":36.93951416015625,"y":31.50252914428711,"z":2.236536741256714},"rotation":{"x":0.07420653849840164,"y":0.23584866523742677,"z":-0.018384648486971856,"w":0.9690763354301453},"size":5.367531776428223,"orthographic":false}