{"cameraMode":{"drawMode":0,"name":"Shaded","section":"Shading Mode"},"sceneLighting":true,"audioPlay":false,"sceneViewState":{"m_AlwaysRefresh":false,"showFog":true,"showSkybox":true,"showFlares":true,"showImageEffects":true,"showParticleSystems":true,"showVisualEffectGraphs":true,"m_FxEnabled":true},"in2DMode":false,"pivot":{"x":18.589509963989259,"y":-2.574024200439453,"z":34.42247772216797},"rotation":{"x":0.20024588704109193,"y":-0.35131487250328066,"z":0.0765841156244278,"w":0.9117079377174377},"size":16.414676666259767,"orthographic":false}