{"cameraMode":{"drawMode":0,"name":"Shaded","section":"Shading Mode"},"sceneLighting":true,"audioPlay":false,"sceneViewState":{"m_AlwaysRefresh":false,"showFog":true,"showSkybox":true,"showFlares":true,"showImageEffects":true,"showParticleSystems":true,"showVisualEffectGraphs":true,"m_FxEnabled":true},"in2DMode":false,"pivot":{"x":105.95367431640625,"y":-168.02584838867188,"z":386.077392578125},"rotation":{"x":0.23658521473407746,"y":0.17691682279109956,"z":-0.04385712370276451,"w":0.9543632864952087},"size":221.59307861328126,"orthographic":false}