{"cameraMode":{"drawMode":0,"name":"Shaded","section":"Shading Mode"},"sceneLighting":false,"audioPlay":false,"sceneViewState":{"m_AlwaysRefresh":false,"showFog":true,"showSkybox":false,"showFlares":true,"showImageEffects":true,"showParticleSystems":true,"showVisualEffectGraphs":true,"m_FxEnabled":true},"in2DMode":false,"pivot":{"x":15.63719367980957,"y":2.366650342941284,"z":-6.6968584060668949},"rotation":{"x":0.25509777665138247,"y":0.20322342216968537,"z":-0.054932817816734317,"w":0.9437240958213806},"size":2.619493007659912,"orthographic":false}