{"cameraMode":{"drawMode":0,"name":"Shaded","section":"Shading Mode"},"sceneLighting":false,"audioPlay":false,"sceneViewState":{"m_AlwaysRefresh":false,"showFog":true,"showSkybox":false,"showFlares":true,"showImageEffects":true,"showParticleSystems":true,"showVisualEffectGraphs":true,"m_FxEnabled":true},"in2DMode":false,"pivot":{"x":-0.20365452766418458,"y":1.9093170166015626,"z":-0.19215607643127442},"rotation":{"x":0.0649779811501503,"y":-0.8114513754844666,"z":0.09192956984043122,"w":0.5735511779785156},"size":1.5078351497650147,"orthographic":false}