{"cameraMode":{"drawMode":0,"name":"Shaded","section":"Shading Mode"},"sceneLighting":false,"audioPlay":false,"sceneViewState":{"m_AlwaysRefresh":false,"showFog":true,"showSkybox":false,"showFlares":true,"showImageEffects":true,"showParticleSystems":true,"showVisualEffectGraphs":true,"m_FxEnabled":true},"in2DMode":false,"pivot":{"x":-61.001277923583987,"y":5.656339645385742,"z":155.3140106201172},"rotation":{"x":-0.004621873609721661,"y":-0.9903925657272339,"z":-0.0341821126639843,"w":0.13391432166099549},"size":1.2846972942352296,"orthographic":true}