{"cameraMode":{"drawMode":0,"name":"Shaded","section":"Shading Mode"},"sceneLighting":true,"audioPlay":false,"sceneViewState":{"m_AlwaysRefresh":false,"showFog":true,"showSkybox":true,"showFlares":true,"showImageEffects":true,"showParticleSystems":true,"showVisualEffectGraphs":true,"m_FxEnabled":true},"in2DMode":false,"pivot":{"x":9.358460426330567,"y":-5.797709941864014,"z":150.09674072265626},"rotation":{"x":0.30470460653305056,"y":-0.4896567761898041,"z":0.18731866776943208,"w":0.7954156398773193},"size":24.117137908935548,"orthographic":false}