{"cameraMode":{"drawMode":0,"name":"Shaded","section":"Shading Mode"},"sceneLighting":false,"audioPlay":false,"sceneViewState":{"m_AlwaysRefresh":false,"showFog":true,"showSkybox":false,"showFlares":true,"showImageEffects":true,"showParticleSystems":true,"showVisualEffectGraphs":true,"m_FxEnabled":true},"in2DMode":false,"pivot":{"x":0.20986860990524293,"y":0.34235095977783205,"z":-0.07144582271575928},"rotation":{"x":-0.0494367741048336,"y":-0.22105517983436585,"z":0.011213854886591435,"w":-0.9741109013557434},"size":2.297671318054199,"orthographic":false}