{"cameraMode":{"drawMode":0,"name":"Shaded","section":"Shading Mode"},"sceneLighting":true,"audioPlay":false,"sceneViewState":{"m_AlwaysRefresh":false,"showFog":true,"showSkybox":true,"showFlares":true,"showImageEffects":true,"showParticleSystems":true,"showVisualEffectGraphs":true,"m_FxEnabled":true},"in2DMode":false,"pivot":{"x":2.2368669509887697,"y":3.7000083923339845,"z":155.11691284179688},"rotation":{"x":-0.022885557264089586,"y":0.9741438031196594,"z":-0.1927163004875183,"w":-0.11568205803632736},"size":56.5877571105957,"orthographic":false}