{"cameraMode":{"drawMode":0,"name":"Shaded","section":"Shading Mode"},"sceneLighting":false,"audioPlay":false,"sceneViewState":{"m_AlwaysRefresh":false,"showFog":true,"showSkybox":false,"showFlares":true,"showImageEffects":true,"showParticleSystems":true,"showVisualEffectGraphs":true,"m_FxEnabled":true},"in2DMode":false,"pivot":{"x":7.499999523162842,"y":1.0800000429153443,"z":11.600000381469727},"rotation":{"x":-0.0494367741048336,"y":-0.22105517983436585,"z":0.011213854886591435,"w":-0.9741109013557434},"size":9.961204528808594,"orthographic":false}