{"cameraMode":{"drawMode":0,"name":"Shaded","section":"Shading Mode"},"sceneLighting":true,"audioPlay":false,"sceneViewState":{"m_AlwaysRefresh":false,"showFog":true,"showSkybox":true,"showFlares":true,"showImageEffects":true,"showParticleSystems":true,"showVisualEffectGraphs":true,"m_FxEnabled":true},"in2DMode":false,"pivot":{"x":-82.66653442382813,"y":3.8048839569091799,"z":61.27674865722656},"rotation":{"x":0.030437877401709558,"y":-0.8876640796661377,"z":0.4557114541530609,"w":0.05919850990176201},"size":52.28520584106445,"orthographic":false}