{"cameraMode":{"drawMode":0,"name":"Shaded","section":"Shading Mode"},"sceneLighting":false,"audioPlay":false,"sceneViewState":{"m_AlwaysRefresh":false,"showFog":true,"showSkybox":false,"showFlares":true,"showImageEffects":true,"showParticleSystems":true,"showVisualEffectGraphs":true,"m_FxEnabled":true},"in2DMode":false,"pivot":{"x":-1.3335251808166505,"y":-0.1811351329088211,"z":3.861145496368408},"rotation":{"x":0.013980155810713768,"y":0.9809104204177856,"z":-0.17463764548301698,"w":0.10149887204170227},"size":0.8660253882408142,"orthographic":false}