{"cameraMode":{"drawMode":0,"name":"Shaded","section":"Shading Mode"},"sceneLighting":false,"audioPlay":false,"sceneViewState":{"m_AlwaysRefresh":false,"showFog":true,"showSkybox":false,"showFlares":true,"showImageEffects":true,"showParticleSystems":true,"showVisualEffectGraphs":true,"m_FxEnabled":true},"in2DMode":false,"pivot":{"x":-0.3676411807537079,"y":0.5189433693885803,"z":0.020570356398820878},"rotation":{"x":0.32915550470352175,"y":0.458670973777771,"z":-0.18762698769569398,"w":0.804032027721405},"size":2.0585134029388429,"orthographic":false}