{"cameraMode":{"drawMode":0,"name":"Shaded","section":"Shading Mode"},"sceneLighting":true,"audioPlay":false,"sceneViewState":{"m_AlwaysRefresh":false,"showFog":true,"showSkybox":true,"showFlares":true,"showImageEffects":true,"showParticleSystems":true,"showVisualEffectGraphs":true,"m_FxEnabled":true},"in2DMode":false,"pivot":{"x":94.24382781982422,"y":-19.034587860107423,"z":102.17864990234375},"rotation":{"x":0.4211646616458893,"y":-0.17763586342334748,"z":0.08450049161911011,"w":0.8854024410247803},"size":27.087467193603517,"orthographic":false}