{"cameraMode":{"drawMode":0,"name":"Shaded","section":"Shading Mode"},"sceneLighting":true,"audioPlay":false,"sceneViewState":{"m_AlwaysRefresh":false,"showFog":true,"showSkybox":true,"showFlares":true,"showImageEffects":true,"showParticleSystems":true,"showVisualEffectGraphs":true,"m_FxEnabled":true},"in2DMode":false,"pivot":{"x":33.675941467285159,"y":19.034147262573243,"z":11.940987586975098},"rotation":{"x":-0.3420495092868805,"y":-0.06065793335437775,"z":0.022419868037104608,"w":-0.937667191028595},"size":8.904205322265625,"orthographic":false}