{"cameraMode":{"drawMode":0,"name":"Shaded","section":"Shading Mode"},"sceneLighting":false,"audioPlay":false,"sceneViewState":{"m_AlwaysRefresh":false,"showFog":true,"showSkybox":false,"showFlares":true,"showImageEffects":true,"showParticleSystems":true,"showVisualEffectGraphs":true,"m_FxEnabled":true},"in2DMode":false,"pivot":{"x":0.22254203259944917,"y":3.9320383071899416,"z":-1.7028225660324097},"rotation":{"x":-0.27313312888145449,"y":-0.08731891214847565,"z":0.02483111061155796,"w":-0.9577155113220215},"size":0.36044842004776,"orthographic":false}