{"cameraMode":{"drawMode":0,"name":"Shaded","section":"Shading Mode"},"sceneLighting":false,"audioPlay":false,"sceneViewState":{"m_AlwaysRefresh":false,"showFog":true,"showSkybox":false,"showFlares":true,"showImageEffects":true,"showParticleSystems":true,"showVisualEffectGraphs":true,"m_FxEnabled":true},"in2DMode":false,"pivot":{"x":0.18976116180419923,"y":-0.09133852273225784,"z":-1.0517586469650269},"rotation":{"x":-0.004335128702223301,"y":-0.6444129943847656,"z":-0.0036842022091150285,"w":0.7647761106491089},"size":1.5902376174926758,"orthographic":false}