{"cameraMode":{"drawMode":0,"name":"Shaded","section":"Shading Mode"},"sceneLighting":true,"audioPlay":false,"sceneViewState":{"m_AlwaysRefresh":false,"showFog":true,"showSkybox":true,"showFlares":true,"showImageEffects":true,"showParticleSystems":true,"showVisualEffectGraphs":true,"m_FxEnabled":true},"in2DMode":false,"pivot":{"x":-77.25354766845703,"y":-73.15469360351563,"z":-63.02758026123047},"rotation":{"x":0.005174979101866484,"y":0.8923780918121338,"z":-0.4514016807079315,"w":0.009842698462307454},"size":114.17679595947266,"orthographic":false}