{"cameraMode":{"drawMode":0,"name":"Shaded","section":"Shading Mode"},"sceneLighting":true,"audioPlay":false,"sceneViewState":{"m_AlwaysRefresh":false,"showFog":true,"showSkybox":true,"showFlares":true,"showImageEffects":true,"showParticleSystems":true,"showVisualEffectGraphs":true,"m_FxEnabled":true},"in2DMode":false,"pivot":{"x":-17.075511932373048,"y":1.5658798217773438,"z":-11.534420013427735},"rotation":{"x":0.24169501662254334,"y":-0.1949070692062378,"z":0.049622535705566409,"w":0.9492859244346619},"size":22.513748168945314,"orthographic":false}