{"cameraMode":{"drawMode":0,"name":"Shaded","section":"Shading Mode"},"sceneLighting":false,"audioPlay":false,"sceneViewState":{"m_AlwaysRefresh":false,"showFog":true,"showSkybox":false,"showFlares":true,"showImageEffects":true,"showParticleSystems":true,"showVisualEffectGraphs":true,"m_FxEnabled":true},"in2DMode":false,"pivot":{"x":-72.31951141357422,"y":5.648623466491699,"z":154.57521057128907},"rotation":{"x":-0.00011467513832030818,"y":-0.9994894862174988,"z":-0.003599828574806452,"w":0.031791020184755328},"size":1.1058954000473023,"orthographic":true}