{"cameraMode":{"drawMode":0,"name":"Shaded","section":"Shading Mode"},"sceneLighting":false,"audioPlay":false,"sceneViewState":{"m_AlwaysRefresh":false,"showFog":true,"showSkybox":false,"showFlares":true,"showImageEffects":true,"showParticleSystems":true,"showVisualEffectGraphs":true,"m_FxEnabled":true},"in2DMode":false,"pivot":{"x":-0.17802643775939942,"y":0.016691703349351884,"z":0.23727941513061524},"rotation":{"x":-0.25561320781707766,"y":-0.2723660469055176,"z":0.07531890273094177,"w":-0.9246737957000732},"size":2.0902366638183595,"orthographic":false}