{"cameraMode":{"drawMode":0,"name":"Shaded","section":"Shading Mode"},"sceneLighting":false,"audioPlay":false,"sceneViewState":{"m_AlwaysRefresh":false,"showFog":true,"showSkybox":false,"showFlares":true,"showImageEffects":true,"showParticleSystems":true,"showVisualEffectGraphs":true,"m_FxEnabled":true},"in2DMode":false,"pivot":{"x":77.53784942626953,"y":5.718566417694092,"z":1.5023925304412842},"rotation":{"x":0.026638999581336976,"y":0.9464789628982544,"z":-0.3118631839752197,"w":0.08021952211856842},"size":0.9169541597366333,"orthographic":false}