{"cameraMode":{"drawMode":0,"name":"Shaded","section":"Shading Mode"},"sceneLighting":true,"audioPlay":false,"sceneViewState":{"m_AlwaysRefresh":false,"showFog":true,"showSkybox":true,"showFlares":true,"showImageEffects":true,"showParticleSystems":true,"showVisualEffectGraphs":true,"m_FxEnabled":true},"in2DMode":false,"pivot":{"x":-39.49041748046875,"y":3.8573243618011476,"z":-61.26015853881836},"rotation":{"x":-0.22843259572982789,"y":-0.37862494587898257,"z":0.09029098600149155,"w":-0.8937118053436279},"size":10.098030090332032,"orthographic":true}