{"cameraMode":{"drawMode":0,"name":"Shaded","section":"Shading Mode"},"sceneLighting":true,"audioPlay":false,"sceneViewState":{"m_AlwaysRefresh":false,"showFog":true,"showSkybox":true,"showFlares":true,"showImageEffects":true,"showParticleSystems":true,"showVisualEffectGraphs":true,"m_FxEnabled":true},"in2DMode":false,"pivot":{"x":0.03171682357788086,"y":3.0969133377075197,"z":14.67068862915039},"rotation":{"x":0.10834286361932755,"y":0.8796419501304627,"z":-0.24618683755397798,"w":0.3969138264656067},"size":2.992511510848999,"orthographic":false}