{"cameraMode":{"drawMode":0,"name":"Shaded","section":"Shading Mode"},"sceneLighting":true,"audioPlay":false,"sceneViewState":{"m_AlwaysRefresh":false,"showFog":true,"showSkybox":true,"showFlares":true,"showImageEffects":true,"showParticleSystems":true,"showVisualEffectGraphs":true,"m_FxEnabled":true},"in2DMode":false,"pivot":{"x":-24.223846435546876,"y":18.743045806884767,"z":34.32448196411133},"rotation":{"x":-0.15884937345981599,"y":-0.7321361303329468,"z":0.18266236782073975,"w":-0.6366959810256958},"size":27.009414672851564,"orthographic":false}