{"cameraMode":{"drawMode":0,"name":"Shaded","section":"Shading Mode"},"sceneLighting":true,"audioPlay":false,"sceneViewState":{"m_AlwaysRefresh":false,"showFog":true,"showSkybox":true,"showFlares":true,"showImageEffects":true,"showParticleSystems":true,"showVisualEffectGraphs":true,"m_FxEnabled":true},"in2DMode":false,"pivot":{"x":-40.620845794677737,"y":-7.211720943450928,"z":-49.66700744628906},"rotation":{"x":0.4721798300743103,"y":0.07600437849760056,"z":-0.041661299765110019,"w":0.8779639005661011},"size":21.097164154052736,"orthographic":false}