{"cameraMode":{"drawMode":0,"name":"Shaded","section":"Shading Mode"},"sceneLighting":true,"audioPlay":false,"sceneViewState":{"m_AlwaysRefresh":false,"showFog":true,"showSkybox":true,"showFlares":true,"showImageEffects":true,"showParticleSystems":true,"showVisualEffectGraphs":true,"m_FxEnabled":true},"in2DMode":false,"pivot":{"x":34.39778137207031,"y":-114.70891571044922,"z":307.4614562988281},"rotation":{"x":0.25155940651893618,"y":0.10716594755649567,"z":-0.028036991134285928,"w":0.9614916443824768},"size":130.15757751464845,"orthographic":false}