{"cameraMode":{"drawMode":0,"name":"Shaded","section":"Shading Mode"},"sceneLighting":true,"audioPlay":false,"sceneViewState":{"m_AlwaysRefresh":false,"showFog":true,"showSkybox":true,"showFlares":true,"showImageEffects":true,"showParticleSystems":true,"showVisualEffectGraphs":true,"m_FxEnabled":true},"in2DMode":false,"pivot":{"x":-16.670774459838868,"y":2.2165122032165529,"z":-52.57026290893555},"rotation":{"x":0.35421454906463625,"y":0.11028386652469635,"z":-0.04713458567857742,"w":0.9291723966598511},"size":7.133033752441406,"orthographic":false}