{"cameraMode":{"drawMode":0,"name":"Shaded","section":"Shading Mode"},"sceneLighting":true,"audioPlay":false,"sceneViewState":{"m_AlwaysRefresh":false,"showFog":true,"showSkybox":true,"showFlares":true,"showImageEffects":true,"showParticleSystems":true,"showVisualEffectGraphs":true,"m_FxEnabled":true},"in2DMode":false,"pivot":{"x":-36.402008056640628,"y":-7.0846476554870609,"z":-105.83155059814453},"rotation":{"x":0.09000185877084732,"y":0.8435735106468201,"z":-0.15716241300106049,"w":0.508688747882843},"size":18.984302520751954,"orthographic":false}